City_ID,City,Cloudiness,Country,Date,Humidity,Lat,Lng,Max Temp,Wind Speed,Description
0,Hithadhoo,100,MV,2022-07-27 19:19:37,76,-0.6,73.0833,81.82,10.04,overcast clouds
1,Busselton,7,AU,2022-07-27 19:19:37,74,-33.65,115.3333,52.2,7.61,clear sky
2,Dakar,75,SN,2022-07-27 19:17:25,79,14.6937,-17.4441,84.33,6.91,broken clouds
3,Hobart,100,AU,2022-07-27 19:19:38,77,-42.8794,147.3294,46.26,8.05,overcast clouds
4,Abu Dhabi,0,AE,2022-07-27 19:19:18,69,24.4667,54.3667,89.71,5.75,clear sky
5,Exeter,20,GB,2022-07-27 19:16:07,66,50.7236,-3.5275,65.86,8.05,few clouds
6,Sitka,20,US,2022-07-27 19:17:08,67,57.0531,-135.33,62.49,5.75,few clouds
7,Puerto Ayora,71,EC,2022-07-27 19:19:39,91,-0.7393,-90.3518,78.76,5.99,broken clouds
8,Narsaq,20,GL,2022-07-27 19:19:40,76,60.9167,-46.05,55.62,7.92,few clouds
9,Albany,100,US,2022-07-27 19:19:01,50,42.6001,-73.9662,82.36,1.16,overcast clouds
10,Vaini,20,TO,2022-07-27 19:19:40,88,-21.2,-175.2,71.76,5.75,few clouds
11,Bluff,100,NZ,2022-07-27 19:19:41,88,-46.6,168.3333,47.8,11.97,light rain
12,Atuona,0,PF,2022-07-27 19:19:42,67,-9.8,-139.0333,77.25,20.89,clear sky
13,Leningradskiy,98,RU,2022-07-27 19:19:42,87,69.3833,178.4167,36.86,1.68,overcast clouds
14,Paamiut,57,GL,2022-07-27 19:19:43,95,61.994,-49.6678,42.26,14.83,broken clouds
15,Port Blair,77,IN,2022-07-27 19:16:35,79,11.6667,92.75,81.63,4.32,broken clouds
16,Keelung,0,TW,2022-07-27 19:19:43,85,25.1283,121.7419,84.11,5.17,clear sky
17,Punta Arenas,40,CL,2022-07-27 19:17:28,65,-53.15,-70.9167,42.91,24.16,scattered clouds
18,Barrow,100,US,2022-07-27 19:19:44,97,71.2906,-156.7887,33.73,14.12,overcast clouds
19,Ushuaia,40,AR,2022-07-27 19:19:02,61,-54.8,-68.3,42.46,4.61,scattered clouds
20,Vostok,86,RU,2022-07-27 19:19:45,95,46.4856,135.8833,61.56,2.89,overcast clouds
21,Wanning,100,CN,2022-07-27 19:19:45,87,18.8003,110.3967,79.9,4.65,overcast clouds
22,El Limon,100,VE,2022-07-27 19:19:46,66,10.3059,-67.6321,79.92,1.99,overcast clouds
23,Constitucion,0,CL,2022-07-27 19:19:46,66,-35.3333,-72.4167,55.54,5.46,clear sky
24,Ahipara,14,NZ,2022-07-27 19:19:47,90,-35.1667,173.1667,57.81,18.12,few clouds
25,Lupiro,100,TZ,2022-07-27 19:19:47,48,-8.3833,36.6667,74.84,2.01,overcast clouds
26,Thompson,100,CA,2022-07-27 19:19:11,77,55.7435,-97.8558,59.16,13.8,overcast clouds
27,Gloversville,100,US,2022-07-27 19:14:58,69,43.0528,-74.3438,80.55,7.4,overcast clouds
28,Tasiilaq,88,GL,2022-07-27 19:19:48,92,65.6145,-37.6368,44.76,3.89,overcast clouds
29,Kotelnich,88,RU,2022-07-27 19:19:48,79,58.3089,48.348,59.85,4.27,overcast clouds
30,Mataura,100,NZ,2022-07-27 19:19:49,99,-46.1927,168.8643,47.48,1.79,overcast clouds
31,Hermanus,0,ZA,2022-07-27 19:19:49,80,-34.4187,19.2345,55.8,11.52,clear sky
32,Rikitea,100,PF,2022-07-27 19:17:47,74,-23.1203,-134.9692,73.9,13.98,overcast clouds
33,Kapaa,75,US,2022-07-27 19:19:50,74,22.0752,-159.319,82.72,13.8,broken clouds
34,Doha,20,QA,2022-07-27 19:19:51,70,25.2867,51.5333,91.38,13.8,few clouds
35,Bathsheba,40,BB,2022-07-27 19:19:51,94,13.2167,-59.5167,88.41,20.71,scattered clouds
36,Okhotsk,100,RU,2022-07-27 19:19:51,88,59.3833,143.3,58.14,3.94,overcast clouds
37,Ciudad Bolivar,51,VE,2022-07-27 19:19:52,43,8.1222,-63.5497,91.58,5.37,broken clouds
38,Dzhebariki-Khaya,0,RU,2022-07-27 19:19:52,90,62.2167,135.8,62.6,1.1,clear sky
39,Marrakesh,20,MA,2022-07-27 19:19:53,20,31.6315,-8.0083,96.87,10.36,few clouds
40,Saint-Philippe,5,RE,2022-07-27 19:19:53,75,-21.3585,55.7679,66.22,5.84,clear sky
41,Ulladulla,0,AU,2022-07-27 19:19:54,77,-35.35,150.4667,48.29,6.87,clear sky
42,Dallas,40,US,2022-07-27 19:15:03,34,32.7668,-96.7836,103.86,11.01,scattered clouds
43,Putina,5,PE,2022-07-27 19:19:55,35,-15.4667,-69.4333,51.57,9.84,clear sky
44,Krasnopavlivka,36,UA,2022-07-27 19:19:55,61,49.1372,36.3272,70.12,5.7,scattered clouds
45,Sao Filipe,56,CV,2022-07-27 19:19:55,83,14.8961,-24.4956,80.15,3.0,broken clouds
46,Broken Hill,55,AU,2022-07-27 19:19:56,71,-31.95,141.4333,41.63,3.27,broken clouds
47,Vinh,15,VN,2022-07-27 19:19:56,90,18.6667,105.6667,78.85,4.12,few clouds
48,Ambilobe,79,MG,2022-07-27 19:19:57,83,-13.2,49.05,68.65,3.62,light rain
49,Zinder,100,NE,2022-07-27 19:19:57,60,13.8072,8.9881,84.16,20.49,light rain
50,Lagoa,100,PT,2022-07-27 19:19:58,89,39.05,-27.9833,73.17,10.92,overcast clouds
51,Mar Del Plata,100,AR,2022-07-27 19:19:58,60,-38.0023,-57.5575,54.09,6.91,light rain
52,Kaeo,23,NZ,2022-07-27 19:19:59,95,-35.1,173.7833,55.33,15.64,few clouds
53,Hofn,100,IS,2022-07-27 19:19:59,98,64.2539,-15.2082,53.33,24.87,moderate rain
54,Vila Velha,0,BR,2022-07-27 19:19:53,75,-20.3297,-40.2925,76.95,9.22,clear sky
55,Upernavik,100,GL,2022-07-27 19:20:00,83,72.7868,-56.1549,39.97,2.73,overcast clouds
56,Jamestown,100,US,2022-07-27 19:15:40,63,42.097,-79.2353,77.02,8.05,overcast clouds
57,Kavieng,68,PG,2022-07-27 19:20:02,75,-2.5744,150.7967,82.29,17.74,broken clouds
58,Fukue,1,JP,2022-07-27 19:20:03,82,32.6881,128.8419,80.31,4.65,clear sky
59,Georgetown,40,MY,2022-07-27 19:17:39,88,5.4112,100.3354,80.53,3.44,scattered clouds
60,Turukhansk,92,RU,2022-07-27 19:20:04,59,65.8167,87.9833,62.49,5.68,overcast clouds
61,Walvis Bay,29,NA,2022-07-27 19:20:05,87,-22.9575,14.5053,55.09,2.3,scattered clouds
62,Toktogul,3,KG,2022-07-27 19:20:05,36,41.8708,72.9402,78.6,1.03,clear sky
63,Agadir,0,MA,2022-07-27 19:20:06,40,30.4202,-9.5982,81.05,5.79,clear sky
64,Port Alfred,99,ZA,2022-07-27 19:20:06,70,-33.5906,26.891,64.06,4.97,overcast clouds
65,Waipawa,100,NZ,2022-07-27 19:20:07,90,-41.4122,175.5153,47.93,6.44,light rain
66,Hilo,0,US,2022-07-27 19:19:53,82,19.7297,-155.09,88.29,10.36,clear sky
67,Tumbagaan,80,PH,2022-07-27 19:20:08,79,5.3656,120.3139,80.26,1.95,broken clouds
68,Albury,100,AU,2022-07-27 19:17:25,100,-36.0833,146.9167,48.25,4.0,light rain
69,Cape Town,0,ZA,2022-07-27 19:16:15,73,-33.9258,18.4232,60.91,10.0,clear sky
70,Aksu,57,CN,2022-07-27 19:20:09,21,41.1231,80.2644,88.27,7.99,broken clouds
71,Ponta Do Sol,0,PT,2022-07-27 19:20:09,77,32.6667,-17.1,75.7,6.24,clear sky
72,Dingle,94,PH,2022-07-27 19:20:10,88,10.9995,122.6711,75.99,2.8,overcast clouds
73,San Jose,20,US,2022-07-27 19:20:10,54,37.3394,-121.895,86.25,3.44,smoke
74,Ribeira Grande,75,PT,2022-07-27 19:20:11,83,38.5167,-28.7,77.4,13.8,broken clouds
75,Serenje,6,ZM,2022-07-27 19:20:11,61,-13.2325,30.2352,54.3,5.95,clear sky
76,Bredasdorp,0,ZA,2022-07-27 19:20:12,91,-34.5322,20.0403,51.01,6.96,clear sky
77,Ponta Delgada,20,PT,2022-07-27 19:17:43,83,37.7333,-25.6667,75.92,17.27,few clouds
78,Plettenberg Bay,0,ZA,2022-07-27 19:20:13,79,-34.0527,23.3716,56.73,5.41,clear sky
79,Sept-Iles,75,CA,2022-07-27 19:20:13,74,50.2001,-66.3821,68.0,13.8,broken clouds
80,Dikson,94,RU,2022-07-27 19:20:14,94,73.5069,80.5464,41.49,14.0,overcast clouds
81,Manyana,65,BW,2022-07-27 19:20:14,30,-23.4,21.7167,64.13,8.79,broken clouds
82,Bawku,9,GH,2022-07-27 19:20:15,60,11.0616,-0.2417,83.35,7.94,clear sky
83,Guilin,100,CN,2022-07-27 19:20:15,80,25.2819,110.2864,77.11,0.98,overcast clouds
84,Pitimbu,10,BR,2022-07-27 19:20:16,72,-7.4706,-34.8086,79.39,12.19,clear sky
85,Alofi,5,NU,2022-07-27 19:20:16,100,-19.0595,-169.9187,69.69,4.61,clear sky
86,Port Elizabeth,0,ZA,2022-07-27 19:17:40,89,-33.918,25.5701,58.32,6.91,clear sky
87,Saskylakh,99,RU,2022-07-27 19:20:17,93,71.9167,114.0833,63.54,13.58,light rain
88,Tuatapere,100,NZ,2022-07-27 19:20:17,95,-46.1333,167.6833,43.93,1.63,overcast clouds
89,Brae,35,GB,2022-07-27 19:20:18,75,60.3964,-1.353,55.29,6.89,scattered clouds
90,Ancud,14,CL,2022-07-27 19:18:27,76,-41.8697,-73.8203,52.23,2.77,few clouds
91,Akureyri,75,IS,2022-07-27 19:20:19,59,65.6835,-18.0878,64.33,19.57,broken clouds
92,Ondjiva,35,AO,2022-07-27 19:20:19,27,-17.0667,15.7333,65.66,2.48,scattered clouds
93,East London,100,ZA,2022-07-27 19:20:19,73,-33.0153,27.9116,65.26,5.03,overcast clouds
94,Besuki,40,ID,2022-07-27 19:20:20,81,-7.7338,113.6979,77.16,2.8,scattered clouds
95,Qaanaaq,95,GL,2022-07-27 19:20:20,79,77.484,-69.3632,40.57,7.94,overcast clouds
96,Tondano,100,ID,2022-07-27 19:20:21,97,1.3038,124.9112,68.09,2.26,overcast clouds
97,Talnakh,88,RU,2022-07-27 19:20:22,54,69.4865,88.3972,58.21,2.82,overcast clouds
98,Pacanga,30,PE,2022-07-27 19:20:22,60,-7.1667,-79.5,73.87,12.93,scattered clouds
99,Lavrentiya,100,RU,2022-07-27 19:20:23,81,65.5833,-171.0,42.03,7.81,overcast clouds
100,Pevek,100,RU,2022-07-27 19:20:23,91,69.7008,170.3133,34.47,4.07,overcast clouds
101,Bambous Virieux,75,MU,2022-07-27 19:20:24,88,-20.3428,57.7575,71.22,11.5,light rain
102,Khatanga,100,RU,2022-07-27 19:20:24,71,71.9667,102.5,58.86,2.91,overcast clouds
103,Kruisfontein,3,ZA,2022-07-27 19:20:24,90,-34.0033,24.7314,50.88,2.68,clear sky
104,Mokhsogollokh,12,RU,2022-07-27 19:20:25,73,61.4681,128.9203,62.06,0.27,few clouds
105,Porangatu,0,BR,2022-07-27 19:20:25,16,-13.4408,-49.1486,91.53,3.98,clear sky
106,Vaitape,16,PF,2022-07-27 19:20:26,76,-16.5167,-151.75,78.26,21.12,light rain
107,Kodiak,0,US,2022-07-27 19:20:27,55,57.79,-152.4072,60.31,9.22,clear sky
108,Kloulklubed,94,PW,2022-07-27 19:20:27,72,7.0419,134.2556,83.71,7.87,overcast clouds
109,Guerrero Negro,7,MX,2022-07-27 19:20:28,53,27.9769,-114.0611,78.98,10.2,clear sky
110,Torbay,75,CA,2022-07-27 19:19:15,83,47.6666,-52.7314,74.17,13.8,broken clouds
111,Sinnamary,83,GF,2022-07-27 19:20:28,77,5.3833,-52.95,82.63,6.22,broken clouds
112,Belaya Kholunitsa,0,RU,2022-07-27 19:20:29,77,58.84,50.8528,56.86,3.85,clear sky
113,Bethel,40,US,2022-07-27 19:20:29,48,41.3712,-73.414,87.21,10.36,scattered clouds
114,San Juan,79,AR,2022-07-27 19:19:45,62,-31.5375,-68.5364,55.0,14.99,broken clouds
115,Pochutla,100,MX,2022-07-27 19:20:30,77,15.7432,-96.4661,85.82,6.96,overcast clouds
116,Graaff-Reinet,15,ZA,2022-07-27 19:20:30,84,-32.2522,24.5308,49.93,3.31,few clouds
117,Komsomolskiy,9,UZ,2022-07-27 19:20:31,42,40.4272,71.7189,83.12,4.61,clear sky
118,Roald,75,NO,2022-07-27 19:20:31,82,62.5833,6.1333,55.9,6.91,broken clouds
119,Okha,13,RU,2022-07-27 19:20:32,93,53.5739,142.9478,52.11,7.94,few clouds
120,Devonport,55,AU,2022-07-27 19:20:32,65,-41.1667,146.35,45.01,9.75,broken clouds
121,Sabya,96,SA,2022-07-27 19:20:33,58,17.1495,42.6254,87.42,5.55,overcast clouds
122,Broome,40,US,2022-07-27 19:20:34,50,42.2506,-75.833,85.08,8.05,scattered clouds
123,Isangel,100,VU,2022-07-27 19:20:34,94,-19.55,169.2667,69.91,4.61,overcast clouds
124,Oistins,40,BB,2022-07-27 19:20:34,62,13.0667,-59.5333,87.89,20.71,scattered clouds
125,College,100,US,2022-07-27 19:20:35,85,64.8569,-147.8028,54.07,6.91,light rain
126,Saldanha,0,ZA,2022-07-27 19:20:35,78,-33.0117,17.9442,50.05,7.0,clear sky
127,Rocha,93,UY,2022-07-27 19:20:36,76,-34.4833,-54.3333,71.19,7.43,overcast clouds
128,Ajdabiya,0,LY,2022-07-27 19:20:36,68,30.7554,20.2263,80.73,15.5,clear sky
129,Gimli,100,CA,2022-07-27 19:20:37,80,50.6336,-96.9907,60.67,17.11,overcast clouds
130,Ouidah,100,BJ,2022-07-27 19:20:38,83,6.3631,2.0851,78.66,15.84,overcast clouds
131,Deputatskiy,100,RU,2022-07-27 19:20:38,59,69.3,139.9,48.25,3.42,overcast clouds
132,Codrington,72,AU,2022-07-27 19:20:38,76,-38.2667,141.9667,45.63,6.11,broken clouds
133,Carnarvon,100,AU,2022-07-27 19:20:39,53,-24.8667,113.6333,69.53,1.5,overcast clouds
134,Tuktoyaktuk,75,CA,2022-07-27 19:20:39,67,69.4541,-133.0374,57.2,17.27,broken clouds
135,Margate,100,GB,2022-07-27 19:18:40,69,51.3813,1.3862,63.9,4.0,overcast clouds
136,Springfield,0,US,2022-07-27 19:20:36,43,37.2153,-93.2982,98.11,8.01,clear sky
137,Catuday,100,PH,2022-07-27 19:20:40,78,16.2923,119.8062,81.14,6.24,overcast clouds
138,Susangerd,3,IR,2022-07-27 19:20:41,7,31.5608,48.1831,99.68,10.56,clear sky
139,Airai,54,TL,2022-07-27 19:20:41,83,-8.9266,125.4092,51.19,4.16,broken clouds
140,Rabo De Peixe,20,PT,2022-07-27 19:20:42,83,37.8,-25.5833,74.71,17.27,few clouds
141,Santa Rosa,100,PH,2022-07-27 19:20:42,86,14.3122,121.1114,82.38,4.61,overcast clouds
142,Chuy,99,UY,2022-07-27 19:20:43,83,-33.6971,-53.4616,64.99,6.13,overcast clouds
143,Miraflores,83,MX,2022-07-27 19:20:43,59,19.2167,-98.8083,74.97,1.5,broken clouds
144,Junnar,100,IN,2022-07-27 19:20:44,92,19.2,73.8833,72.48,4.38,overcast clouds
145,Severo-Kurilsk,41,RU,2022-07-27 19:20:44,89,50.6789,156.125,51.87,6.91,scattered clouds
146,Porbandar,61,IN,2022-07-27 19:20:45,83,21.6422,69.6093,81.39,12.12,broken clouds
147,Coahuayana,91,MX,2022-07-27 19:20:45,50,18.7333,-103.6833,90.75,6.11,overcast clouds
148,Yellowknife,75,CA,2022-07-27 19:20:46,59,62.456,-114.3525,66.72,4.61,broken clouds
149,Namibe,30,AO,2022-07-27 19:20:46,89,-15.1961,12.1522,64.08,1.63,scattered clouds
150,Copiapo,6,CL,2022-07-27 19:20:47,40,-27.3667,-70.3333,56.89,5.97,clear sky
151,Chunoyar,100,RU,2022-07-27 19:20:47,94,57.4467,97.3217,55.69,3.67,overcast clouds
152,Sur,17,OM,2022-07-27 19:20:48,72,22.5667,59.5289,82.2,20.18,few clouds
153,Souillac,75,MU,2022-07-27 19:20:48,88,-20.5167,57.5167,68.38,11.5,light rain
154,Caravelas,0,BR,2022-07-27 19:20:49,65,-17.7125,-39.2481,75.31,5.95,clear sky
155,Banda Aceh,100,ID,2022-07-27 19:20:49,82,5.5577,95.3222,77.94,6.98,moderate rain
156,Vasto,100,IT,2022-07-27 19:20:50,79,42.1243,14.7059,76.14,8.43,overcast clouds
157,San Patricio,100,US,2022-07-27 19:20:50,45,28.017,-97.5169,95.18,15.26,overcast clouds
158,Doba,100,TD,2022-07-27 19:20:51,97,8.65,16.85,71.28,3.09,overcast clouds
159,Kaitangata,100,NZ,2022-07-27 19:20:51,95,-46.2817,169.8464,44.33,4.83,moderate rain
160,Iskateley,77,RU,2022-07-27 19:20:51,63,67.6803,53.1512,64.26,12.77,broken clouds
161,Vila Franca Do Campo,89,PT,2022-07-27 19:20:52,70,37.7167,-25.4333,75.61,8.41,overcast clouds
162,Chokurdakh,99,RU,2022-07-27 19:20:53,56,70.6333,147.9167,48.16,9.73,overcast clouds
163,Nanortalik,76,GL,2022-07-27 19:20:53,83,60.1432,-45.2371,44.31,4.09,broken clouds
164,Katherine,28,AU,2022-07-27 19:20:05,62,-14.4667,132.2667,55.72,4.61,scattered clouds
165,Luanda,86,AO,2022-07-27 19:20:54,90,-8.8368,13.2343,68.74,11.92,overcast clouds
166,Boddam,76,GB,2022-07-27 19:20:54,77,57.4667,-1.7833,57.58,5.97,broken clouds
167,Fort Nelson,40,CA,2022-07-27 19:19:11,53,58.8053,-122.7002,74.79,6.91,scattered clouds
168,San Cristobal,44,VE,2022-07-27 19:20:39,56,7.7669,-72.225,80.78,7.0,scattered clouds
169,Pyay,46,MM,2022-07-27 19:20:55,78,18.8167,95.2167,80.33,2.06,scattered clouds
170,North Bend,0,US,2022-07-27 19:16:10,88,43.4065,-124.2243,80.24,10.36,clear sky
171,Lorengau,53,PG,2022-07-27 19:20:56,77,-2.0226,147.2712,81.7,9.93,broken clouds
172,Tomatlan,97,MX,2022-07-27 19:20:56,50,19.9333,-105.25,91.74,7.54,overcast clouds
173,Santa Maria,0,BR,2022-07-27 19:20:30,69,-29.6842,-53.8069,76.3,3.44,clear sky
174,Prykolotne,100,UA,2022-07-27 19:20:57,57,50.1604,37.3474,73.2,3.6,overcast clouds
175,Constantine,0,DZ,2022-07-27 19:20:58,36,36.365,6.6147,81.81,6.91,clear sky
176,Clyde River,100,CA,2022-07-27 19:20:58,100,70.4692,-68.5914,41.23,4.61,light rain
177,Ayia Marina,0,GR,2022-07-27 19:20:58,67,37.75,23.5333,87.42,3.33,clear sky
178,Touros,4,BR,2022-07-27 19:20:59,71,-5.1989,-35.4608,80.1,16.24,moderate rain
179,Harper,100,LR,2022-07-27 19:20:59,80,4.375,-7.7169,75.27,11.83,overcast clouds
180,Pietermaritzburg,100,ZA,2022-07-27 19:21:00,87,-29.6168,30.3928,59.68,3.24,overcast clouds
181,Alta Floresta,0,BR,2022-07-27 19:21:00,23,-9.8756,-56.0861,96.62,4.61,clear sky
182,Molteno,84,ZA,2022-07-27 19:21:01,80,-31.3968,26.3625,49.12,4.54,light rain
183,Krasnoborsk,12,RU,2022-07-27 19:21:01,80,61.5598,45.934,62.92,5.7,few clouds
184,Tiksi,44,RU,2022-07-27 19:21:02,87,71.6872,128.8694,53.31,6.06,scattered clouds
185,Cedar City,0,US,2022-07-27 19:21:02,44,37.6775,-113.0619,80.4,0.0,clear sky
186,Nizhniy Kuranakh,5,RU,2022-07-27 19:21:03,79,58.8353,125.4869,61.47,2.17,clear sky
187,Mporokoso,56,ZM,2022-07-27 19:21:03,42,-9.3727,30.125,65.77,1.3,broken clouds
188,Castro,90,BR,2022-07-27 19:19:47,50,-24.7911,-50.0119,71.01,4.54,overcast clouds
189,Butaritari,0,KI,2022-07-27 19:21:04,75,3.0707,172.7902,81.39,17.18,light rain
190,Saint George,0,US,2022-07-27 19:18:37,41,37.1041,-113.5841,96.64,3.0,clear sky
191,Norman Wells,20,CA,2022-07-27 19:21:05,48,65.282,-126.8329,62.64,10.36,few clouds
192,Snihurivka,60,UA,2022-07-27 19:21:05,50,47.0758,32.8052,73.44,5.23,broken clouds
193,Ostrovnoy,100,RU,2022-07-27 19:21:06,80,68.0531,39.5131,64.18,19.3,overcast clouds
194,Marsh Harbour,5,BS,2022-07-27 19:21:06,69,26.5412,-77.0636,83.66,11.36,clear sky
195,Zhigalovo,100,RU,2022-07-27 19:21:07,96,54.8097,105.1578,55.51,6.44,light rain
196,Luwuk,100,ID,2022-07-27 19:21:08,92,-0.9516,122.7875,76.35,5.19,overcast clouds
197,Pacific Grove,75,US,2022-07-27 19:16:11,79,36.6177,-121.9166,75.81,8.05,broken clouds
198,Grand Gaube,19,MU,2022-07-27 19:21:08,73,-20.0064,57.6608,71.38,5.01,few clouds
199,Belyy Yar,0,RU,2022-07-27 19:21:09,77,53.6039,91.3903,57.09,2.24,clear sky
200,Bhatkal,99,IN,2022-07-27 19:21:09,88,13.9667,74.5667,79.61,6.62,moderate rain
201,Taltal,91,CL,2022-07-27 19:20:21,70,-25.4,-70.4833,64.56,6.17,overcast clouds
202,Katsuura,100,JP,2022-07-27 19:21:10,91,35.1333,140.3,79.02,13.6,overcast clouds
203,Lakatoro,76,VU,2022-07-27 19:21:11,82,-16.0999,167.4164,77.83,5.73,broken clouds
204,Gazanjyk,96,TM,2022-07-27 19:21:11,25,39.2446,55.5154,93.85,14.41,overcast clouds
205,Koshurnikovo,0,RU,2022-07-27 19:21:12,85,54.1667,93.3,47.17,3.47,clear sky
206,Salalah,100,OM,2022-07-27 19:21:12,94,17.0151,54.0924,77.09,6.91,haze
207,Hambantota,92,LK,2022-07-27 19:21:12,82,6.1241,81.1185,78.84,4.16,overcast clouds
208,High Level,75,CA,2022-07-27 19:21:13,68,58.5169,-117.136,71.71,5.75,smoke
209,Banihal,98,IN,2022-07-27 19:21:14,89,33.4167,75.2,67.71,2.55,overcast clouds
210,Mahibadhoo,100,MV,2022-07-27 19:21:14,74,3.7833,72.9667,82.51,16.06,overcast clouds
211,Mangrol,100,IN,2022-07-27 19:21:14,83,21.1167,70.1167,81.34,11.05,overcast clouds
212,Erzin,0,TR,2022-07-27 19:21:15,59,36.9559,36.2,78.21,2.39,clear sky
213,Lunenburg,100,CA,2022-07-27 19:21:15,64,44.3835,-64.3155,81.48,17.27,overcast clouds
214,Medvezhyegorsk,100,RU,2022-07-27 19:21:16,93,62.9167,34.4667,61.2,5.12,overcast clouds
215,San Quintin,56,MX,2022-07-27 19:21:16,67,30.4833,-115.95,73.9,12.93,broken clouds
216,Maues,96,BR,2022-07-27 19:21:17,46,-3.3836,-57.7186,90.14,0.22,overcast clouds
217,Nikolskoye,100,RU,2022-07-27 19:21:18,90,59.7035,30.7861,64.29,4.85,overcast clouds
218,Carbonia,0,IT,2022-07-27 19:21:18,69,39.1672,8.5222,83.05,10.2,clear sky
219,Andenes,75,NO,2022-07-27 19:21:18,87,69.3143,16.1194,49.98,17.27,broken clouds
220,Korla,98,CN,2022-07-27 19:21:19,21,41.7597,86.1469,86.36,14.85,overcast clouds
221,Port Shepstone,98,ZA,2022-07-27 19:21:19,76,-30.7414,30.455,66.45,11.01,overcast clouds
222,Thinadhoo,100,MV,2022-07-27 19:21:20,74,0.5333,72.9333,82.83,12.03,overcast clouds
223,Jalu,0,LY,2022-07-27 19:21:21,22,29.0331,21.5482,91.04,17.54,clear sky
224,Atar,0,MR,2022-07-27 19:21:22,11,20.5169,-13.0499,107.98,13.09,clear sky
225,Byron Bay,99,AU,2022-07-27 19:21:22,65,-28.65,153.6167,50.94,8.97,overcast clouds
226,Vilyuysk,7,RU,2022-07-27 19:21:22,72,63.7553,121.6247,64.8,5.84,clear sky
227,Abha,40,SA,2022-07-27 19:21:23,68,18.2164,42.5053,66.02,5.75,scattered clouds
228,Tirano,6,IT,2022-07-27 19:21:23,89,46.2154,10.1679,73.83,0.85,clear sky
229,Naze,99,JP,2022-07-27 19:21:24,84,28.3667,129.4833,76.12,17.76,heavy intensity rain
230,Kirkland Lake,100,CA,2022-07-27 19:21:24,56,48.1446,-80.0377,73.69,10.56,light rain
231,Belmonte,2,BR,2022-07-27 19:21:25,64,-15.8631,-38.8828,75.36,7.94,clear sky
232,Cardston,51,CA,2022-07-27 19:20:33,36,49.2,-113.3019,79.09,5.14,broken clouds
233,Chimbote,46,PE,2022-07-27 19:21:26,73,-9.0853,-78.5783,67.03,12.19,scattered clouds
234,Vulcan,80,RO,2022-07-27 19:21:26,57,45.3833,23.2667,66.06,4.56,broken clouds
235,Mandalgovi,100,MN,2022-07-27 19:20:31,52,45.7625,106.2708,59.97,11.45,light rain
236,Te Anau,100,NZ,2022-07-27 19:21:27,98,-45.4167,167.7167,42.21,2.71,overcast clouds
237,Haines Junction,100,CA,2022-07-27 19:21:27,58,60.7522,-137.5108,57.15,2.3,overcast clouds
238,Borazjan,100,IR,2022-07-27 19:21:28,58,29.2666,51.2159,92.28,5.48,overcast clouds
239,Half Moon Bay,100,US,2022-07-27 19:21:28,71,37.4636,-122.4286,82.58,14.97,overcast clouds
240,New Norfolk,28,AU,2022-07-27 19:21:29,79,-42.7826,147.0587,45.9,3.0,scattered clouds
241,Cayenne,75,GF,2022-07-27 19:21:29,1,4.9333,-52.3333,82.09,4.61,broken clouds
242,Avarua,75,CK,2022-07-27 19:21:30,64,-21.2078,-159.775,75.25,13.8,broken clouds
243,Winslow,100,US,2022-07-27 19:21:30,53,35.0242,-110.6974,78.98,11.5,overcast clouds
244,Todos Santos,10,MX,2022-07-27 19:21:31,77,23.45,-110.2167,97.05,8.99,clear sky
245,Port Hedland,3,AU,2022-07-27 19:19:46,59,-20.3167,118.5667,60.85,9.22,clear sky
246,Lakselv,100,NO,2022-07-27 19:21:31,82,70.0513,24.9718,55.22,21.85,overcast clouds
247,Tiznit,0,MA,2022-07-27 19:21:32,36,29.5833,-9.5,82.17,7.92,clear sky
248,Kobryn,39,BY,2022-07-27 19:21:32,63,52.2138,24.3564,62.15,4.85,scattered clouds
249,Sola,100,VU,2022-07-27 19:17:48,79,-13.8833,167.55,79.81,9.82,light rain
250,Alice Springs,0,AU,2022-07-27 19:19:42,69,-23.7,133.8833,29.75,0.0,clear sky
251,Kununurra,47,AU,2022-07-27 19:21:33,28,-15.7667,128.7333,71.58,12.66,scattered clouds
252,Milkovo,100,RU,2022-07-27 19:21:34,75,54.7167,158.6167,57.09,4.07,overcast clouds
253,Lebu,44,CL,2022-07-27 19:21:34,73,-37.6167,-73.65,54.28,11.16,scattered clouds
254,Manaure,92,CO,2022-07-27 19:21:35,50,11.7751,-72.4445,89.92,16.08,overcast clouds
255,Comodoro Rivadavia,20,AR,2022-07-27 19:21:35,61,-45.8667,-67.5,46.26,12.66,few clouds
256,Kassala,100,SD,2022-07-27 19:21:36,87,15.451,36.4,71.87,9.82,overcast clouds
257,Olga,100,RU,2022-07-27 19:21:36,98,43.7444,135.2892,67.3,4.21,overcast clouds
258,Chicama,23,PE,2022-07-27 19:21:37,63,-7.8447,-79.1469,63.14,10.6,few clouds
259,Arraial Do Cabo,0,BR,2022-07-27 19:21:37,69,-22.9661,-42.0278,76.96,19.57,clear sky
260,Lompoc,0,US,2022-07-27 19:21:38,71,34.6391,-120.4579,85.69,12.66,clear sky
261,Taoudenni,0,ML,2022-07-27 19:21:38,6,22.6783,-3.9836,107.98,15.23,clear sky
262,Chapais,95,CA,2022-07-27 19:18:41,43,49.7834,-74.8492,74.98,3.42,overcast clouds
263,Pesceana,21,RO,2022-07-27 19:21:39,47,44.8833,24.15,75.65,7.63,few clouds
264,Smithers,0,CA,2022-07-27 19:19:11,53,54.7804,-127.1743,77.32,4.61,clear sky
265,La Ronge,40,CA,2022-07-27 19:21:40,40,55.1001,-105.2842,70.02,10.36,scattered clouds
266,Egvekinot,100,RU,2022-07-27 19:21:40,77,66.3167,-179.1667,38.03,6.67,light rain
267,Vao,2,NC,2022-07-27 19:21:40,71,-22.6667,167.4833,68.88,9.37,clear sky
268,Tura,86,IN,2022-07-27 19:21:41,89,25.5198,90.2201,74.84,3.24,overcast clouds
269,Andapa,8,MG,2022-07-27 19:21:41,97,-14.65,49.65,58.8,2.77,clear sky
270,Fortuna,28,US,2022-07-27 19:21:42,72,40.5982,-124.1573,71.92,4.0,scattered clouds
271,Pisco,20,PE,2022-07-27 19:21:42,77,-13.7,-76.2167,64.45,9.22,few clouds
272,Provideniya,100,RU,2022-07-27 19:21:43,78,64.3833,-173.3,46.06,6.6,overcast clouds
273,Bonthe,100,SL,2022-07-27 19:21:43,87,7.5264,-12.505,75.87,6.73,light rain
274,Aksarka,5,RU,2022-07-27 19:19:37,70,66.5606,67.7975,54.52,5.48,clear sky
275,Texarkana,40,US,2022-07-27 19:20:51,35,33.4251,-94.0477,100.15,11.99,scattered clouds
276,Viedma,100,AR,2022-07-27 19:21:45,91,-40.8135,-62.9967,49.73,16.37,overcast clouds
277,Port Lincoln,72,AU,2022-07-27 19:21:45,86,-34.7333,135.8667,50.29,7.87,broken clouds
278,Kysyl-Syr,11,RU,2022-07-27 19:21:45,75,63.8986,122.7617,63.86,4.81,few clouds
279,Coquimbo,0,CL,2022-07-27 19:21:46,77,-29.9533,-71.3436,58.73,11.5,clear sky
280,Gravdal,75,NO,2022-07-27 19:21:46,87,68.1214,13.5031,49.89,13.8,broken clouds
281,Nanakuli,40,US,2022-07-27 19:21:47,55,21.3906,-158.1547,82.45,10.36,scattered clouds
282,Koslan,71,RU,2022-07-27 19:21:47,64,63.4564,48.8989,59.32,5.61,broken clouds
283,Nome,100,US,2022-07-27 19:21:48,81,64.5011,-165.4064,49.15,0.0,overcast clouds
284,Denpasar,20,ID,2022-07-27 19:17:14,83,-8.65,115.2167,76.71,6.91,few clouds
285,Erenhot,3,CN,2022-07-27 19:21:49,27,43.6475,111.9767,73.85,6.67,clear sky
286,Saint-Pierre,40,RE,2022-07-27 19:21:49,82,-21.3393,55.4781,69.91,5.75,scattered clouds
287,Esperance,12,AU,2022-07-27 19:21:50,79,-33.8667,121.9,53.89,13.44,few clouds
288,Puerto Rico,80,AR,2022-07-27 19:21:50,39,-26.796,-55.024,85.17,3.47,broken clouds
289,Waingapu,7,ID,2022-07-27 19:21:50,88,-9.6567,120.2641,73.9,12.75,clear sky
290,Cervo,3,ES,2022-07-27 19:21:51,72,43.6702,-7.4101,69.96,5.19,clear sky
291,Praia,20,CV,2022-07-27 19:20:54,74,14.9215,-23.5087,82.94,8.05,few clouds
292,Shenjiamen,32,CN,2022-07-27 19:21:52,91,29.9576,122.298,79.88,15.61,scattered clouds
293,Kenai,0,US,2022-07-27 19:20:44,62,60.5544,-151.2583,63.03,4.61,clear sky
294,Orlovskiy,50,RU,2022-07-27 19:21:52,63,46.8714,42.0592,71.33,7.0,scattered clouds
295,Nyurba,17,RU,2022-07-27 19:21:53,90,63.2842,118.3319,68.85,4.29,few clouds
296,Port Hardy,0,CA,2022-07-27 19:21:53,73,50.6996,-127.4199,69.98,3.44,clear sky
297,Malyye Derbety,100,RU,2022-07-27 19:21:54,59,47.9547,44.6808,75.58,9.37,moderate rain
298,Yulara,0,AU,2022-07-27 19:21:54,39,-25.2406,130.9889,42.48,8.55,clear sky
299,Acajutla,33,SV,2022-07-27 19:21:55,75,13.5928,-89.8275,82.8,7.27,scattered clouds
300,Mount Gambier,92,AU,2022-07-27 19:21:55,100,-37.8333,140.7667,39.11,4.61,mist
301,Peniche,0,PT,2022-07-27 19:21:56,79,39.3558,-9.3811,70.29,19.01,clear sky
302,Dogondoutchi,99,NE,2022-07-27 19:21:56,44,13.6393,4.0287,92.19,13.09,overcast clouds
303,Palu,70,ID,2022-07-27 19:21:57,96,-0.8917,119.8707,75.4,2.53,broken clouds
304,Mishelevka,100,RU,2022-07-27 19:21:57,77,52.8575,103.1719,55.83,5.64,overcast clouds
305,Caceres,0,ES,2022-07-27 19:21:58,16,39.522,-6.3748,90.57,7.81,clear sky
306,Bartica,82,GY,2022-07-27 19:21:58,89,6.4,-58.6167,88.12,4.12,broken clouds
307,Ternate,10,ID,2022-07-27 19:21:59,82,0.8,127.4,79.36,2.68,clear sky
308,Traismauer,32,AT,2022-07-27 19:21:59,83,48.3519,15.7635,73.31,5.23,scattered clouds
309,Mehamn,100,NO,2022-07-27 19:22:00,100,71.0357,27.8492,51.75,9.22,light intensity drizzle
310,Los Llanos De Aridane,20,ES,2022-07-27 19:17:25,78,28.6585,-17.9182,71.35,16.11,few clouds
311,Linxia,0,CN,2022-07-27 19:22:00,57,35.6003,103.2064,58.71,5.23,clear sky
312,Heyang,100,CN,2022-07-27 19:22:01,95,26.1011,107.473,70.38,2.28,light rain
313,Catia La Mar,100,VE,2022-07-27 19:22:01,86,10.6038,-67.0303,81.91,6.85,overcast clouds
314,Picton,0,AU,2022-07-27 19:22:02,77,-34.1833,150.6,52.74,7.99,clear sky
315,Yinchuan,1,CN,2022-07-27 19:22:02,34,38.4681,106.2731,75.79,8.23,clear sky
316,Slave Lake,0,CA,2022-07-27 19:22:03,60,55.2834,-114.769,75.18,4.61,clear sky
317,Korcula,100,HR,2022-07-27 19:22:03,76,42.9622,17.1369,80.58,9.06,overcast clouds
318,Razole,99,IN,2022-07-27 19:22:04,87,16.4833,81.8333,78.96,2.71,overcast clouds
319,Barranquilla,75,CO,2022-07-27 19:21:48,100,10.9639,-74.7964,87.58,9.22,broken clouds
320,Nokaneng,0,BW,2022-07-27 19:22:05,25,-19.6667,22.2667,64.62,7.16,clear sky
321,Monterey,0,US,2022-07-27 19:20:06,25,36.2505,-121.2516,95.18,3.62,clear sky
322,Yaan,97,NG,2022-07-27 19:22:06,92,7.3833,8.5667,73.56,2.42,overcast clouds
323,Zhangye,19,CN,2022-07-27 19:22:06,24,38.9342,100.4517,72.93,8.23,few clouds
324,Zambezi,63,ZM,2022-07-27 19:22:06,34,-13.5432,23.1047,60.48,5.55,broken clouds
325,Lashio,97,MM,2022-07-27 19:19:06,99,22.9333,97.75,68.34,0.67,overcast clouds
326,Kaberamaido,97,UG,2022-07-27 19:22:07,67,1.7389,33.1594,72.12,1.72,overcast clouds
327,Klaksvik,100,FO,2022-07-27 19:22:08,85,62.2266,-6.589,52.72,12.55,overcast clouds
328,Rovaniemi,75,FI,2022-07-27 19:22:08,100,66.5,25.7167,56.61,5.75,broken clouds
329,Pelotas,28,BR,2022-07-27 19:18:02,73,-31.7719,-52.3425,69.82,6.91,scattered clouds
330,Azangaro,4,PE,2022-07-27 19:22:09,14,-14.9167,-70.2167,62.6,5.68,clear sky
331,Zaysan,0,KZ,2022-07-27 19:22:10,25,47.4667,84.8667,70.68,10.47,clear sky
332,Tharad,55,IN,2022-07-27 19:20:09,77,24.3961,71.6267,83.34,11.16,broken clouds
333,Encantado,100,BR,2022-07-27 19:22:10,87,-29.2361,-51.8697,80.62,1.88,overcast clouds
334,Vilhena,0,BR,2022-07-27 19:22:11,29,-12.7406,-60.1458,88.02,11.5,clear sky
335,Hervey Bay,0,AU,2022-07-27 19:22:11,70,-25.2986,152.8535,48.02,4.0,clear sky
336,Sioux Lookout,100,CA,2022-07-27 19:22:12,67,50.1001,-91.917,62.67,16.11,thunderstorm with light rain
337,Makakilo City,40,US,2022-07-27 19:22:12,56,21.3469,-158.0858,81.01,14.97,scattered clouds
338,Honiara,89,SB,2022-07-27 19:22:13,86,-9.4333,159.95,75.87,4.29,overcast clouds
339,Buarcos,0,PT,2022-07-27 19:22:13,77,40.166,-8.8768,70.56,15.14,clear sky
340,El Alto,54,PE,2022-07-27 19:22:14,68,-4.2714,-81.2147,73.06,15.99,broken clouds
341,Mogzon,100,RU,2022-07-27 19:22:14,96,51.7435,111.9606,50.81,8.93,overcast clouds
342,Dedovichi,100,RU,2022-07-27 19:22:15,98,57.5517,29.9502,58.21,3.53,overcast clouds
343,Dok Kham Tai,6,TH,2022-07-27 19:22:15,88,19.1624,99.9934,75.94,2.66,clear sky
344,Russell,0,US,2022-07-27 19:22:16,55,32.3502,-85.1999,95.97,4.61,clear sky
345,Dera Bugti,78,PK,2022-07-27 19:22:16,68,29.0307,69.151,86.68,2.62,light rain
346,Domoni,76,KM,2022-07-27 19:22:17,80,-12.2569,44.5319,74.52,6.93,broken clouds
347,Baikunthpur,79,IN,2022-07-27 19:22:17,81,23.25,82.55,77.47,3.0,broken clouds
348,Flinders,1,AU,2022-07-27 19:18:10,67,-34.5833,150.8552,55.18,13.0,clear sky
349,Ahuimanu,75,US,2022-07-27 19:22:18,65,21.4447,-157.8378,82.2,14.97,broken clouds
350,Saurimo,88,AO,2022-07-27 19:22:18,26,-9.6608,20.3916,66.88,3.85,overcast clouds
351,Sorong,21,ID,2022-07-27 19:22:19,90,-0.8833,131.25,77.31,5.17,few clouds
352,Colceag,44,RO,2022-07-27 19:22:19,51,44.95,26.35,80.82,10.16,scattered clouds
353,Oulainen,8,FI,2022-07-27 19:22:20,94,64.2667,24.8,58.8,4.76,clear sky
354,Jabinyanah,6,TN,2022-07-27 19:22:20,51,35.035,10.9081,89.4,9.22,clear sky
355,Hasaki,100,JP,2022-07-27 19:22:21,90,35.7333,140.8333,79.29,15.61,overcast clouds
356,Nakhodka,96,RU,2022-07-27 19:22:21,95,42.8333,132.8947,68.5,4.21,overcast clouds
357,Twentynine Palms,61,US,2022-07-27 19:21:11,26,34.1356,-116.0542,98.13,3.36,broken clouds
358,Poum,95,NC,2022-07-27 19:21:21,76,-20.2333,164.0167,72.18,17.34,overcast clouds
359,Cabo San Lucas,20,MX,2022-07-27 19:20:39,71,22.8909,-109.9124,93.61,13.8,few clouds
360,Iqaluit,20,CA,2022-07-27 19:22:23,54,63.7506,-68.5145,56.93,4.61,few clouds
361,Kulhudhuffushi,14,MV,2022-07-27 19:22:23,75,6.6221,73.07,81.79,15.52,few clouds
362,Boromo,88,BF,2022-07-27 19:22:23,64,11.75,-2.9333,83.3,9.55,overcast clouds
363,Asau,14,RO,2022-07-27 19:22:24,84,46.4333,26.4,70.72,4.83,few clouds
364,Praia Da Vitoria,75,PT,2022-07-27 19:22:24,78,38.7333,-27.0667,77.76,5.91,broken clouds
365,Longyearbyen,40,SJ,2022-07-27 19:22:25,66,78.2186,15.6401,49.84,18.41,scattered clouds
366,Ilulissat,75,GL,2022-07-27 19:22:25,87,69.2167,-51.1,44.62,5.75,broken clouds
367,Sambava,8,MG,2022-07-27 19:22:26,88,-14.2667,50.1667,67.66,8.7,clear sky
368,Abalak,100,RU,2022-07-27 19:22:26,70,58.1286,68.5944,59.02,9.35,overcast clouds
369,Tambongon,100,PH,2022-07-27 19:22:27,82,10.9677,123.9244,80.74,4.7,overcast clouds
370,Poindimie,100,NC,2022-07-27 19:22:27,84,-20.9333,165.3333,67.8,6.6,overcast clouds
371,Challapata,6,BO,2022-07-27 19:22:28,21,-18.9,-66.7667,58.33,7.81,clear sky
372,Ginir,39,ET,2022-07-27 19:22:28,60,7.1333,40.7,62.37,13.38,scattered clouds
373,Hampton,75,US,2022-07-27 19:20:10,67,37.0299,-76.3452,91.6,12.66,broken clouds
374,Ratnagiri,94,IN,2022-07-27 19:22:29,88,16.9833,73.3,79.43,7.54,overcast clouds
375,Buala,22,SB,2022-07-27 19:22:29,80,-8.145,159.5921,78.6,5.59,few clouds
376,Pathein,6,MM,2022-07-27 19:22:30,88,16.7833,94.7333,79.86,5.59,clear sky
377,Toccoa,40,US,2022-07-27 19:21:40,54,34.5773,-83.3324,92.79,0.0,scattered clouds
378,Sorgun,0,TR,2022-07-27 19:22:30,52,39.8101,35.186,64.78,7.85,clear sky
379,Cap Malheureux,24,MU,2022-07-27 19:22:31,73,-19.9842,57.6142,71.47,5.01,few clouds
380,Waddan,0,LY,2022-07-27 19:22:31,13,29.1614,16.139,88.95,10.58,clear sky
381,Lubango,47,AO,2022-07-27 19:22:32,47,-14.9172,13.4925,59.13,3.74,scattered clouds
382,Gebre Guracha,88,ET,2022-07-27 19:22:32,91,9.8,38.4,52.38,0.81,light rain
383,Clarksburg,100,US,2022-07-27 19:22:33,78,39.2807,-80.3445,80.91,9.22,moderate rain
384,Ndele,100,CF,2022-07-27 19:22:33,93,8.4109,20.6473,71.87,3.11,light rain
385,Luderitz,0,NA,2022-07-27 19:22:34,72,-26.6481,15.1594,57.74,7.0,clear sky
386,Benjamin Constant,40,BR,2022-07-27 19:22:34,78,-4.3831,-70.0311,80.73,8.05,scattered clouds
387,Adrar,4,MR,2022-07-27 19:22:35,8,20.5022,-10.0711,108.36,19.46,clear sky
388,Tyrma,100,RU,2022-07-27 19:22:35,98,50.0833,132.1667,65.08,1.34,overcast clouds
389,Mahebourg,75,MU,2022-07-27 19:22:36,88,-20.4081,57.7,71.26,11.5,broken clouds
390,Verkh-Usugli,69,RU,2022-07-27 19:22:36,99,52.7,115.1667,49.69,0.81,broken clouds
391,La Romana,40,DO,2022-07-27 19:22:37,55,18.4273,-68.9728,89.96,9.22,scattered clouds
392,Umm Kaddadah,43,SD,2022-07-27 19:22:37,51,13.6017,26.6876,82.83,16.08,scattered clouds
393,Warrington,20,GB,2022-07-27 19:22:38,64,53.3925,-2.5802,68.86,10.36,few clouds
394,Chifeng,100,CN,2022-07-27 19:22:38,85,42.2683,118.9636,67.87,1.48,light rain
395,Boyuibe,45,BO,2022-07-27 19:22:39,25,-20.4167,-63.2833,90.77,14.05,scattered clouds
396,Quatre Cocos,54,MU,2022-07-27 19:19:35,78,-20.2078,57.7625,71.1,12.84,light rain
397,Maamba,0,ZM,2022-07-27 19:22:40,57,-17.3667,27.15,60.46,4.07,clear sky
398,Mayo,100,US,2022-07-27 19:22:40,74,38.8876,-76.5119,90.97,1.99,overcast clouds
399,Dukat,12,RU,2022-07-27 19:22:41,63,62.55,155.55,47.1,4.45,few clouds
400,Katobu,17,ID,2022-07-27 19:22:41,87,-4.9408,122.5276,72.36,3.98,few clouds
401,Avera,100,US,2022-07-27 19:22:42,31,33.194,-82.5271,93.54,7.76,overcast clouds
402,Topolobampo,40,MX,2022-07-27 19:22:42,55,25.6,-109.05,89.51,13.8,scattered clouds
403,Karasjok,93,NO,2022-07-27 19:22:43,84,69.4719,25.5112,56.03,16.84,overcast clouds
404,Bambanglipuro,100,ID,2022-07-27 19:22:43,92,-7.95,110.2833,73.42,2.8,overcast clouds
405,Belaya Gora,100,RU,2022-07-27 19:22:44,52,68.5333,146.4167,48.99,6.71,overcast clouds
406,Ixtapa,100,MX,2022-07-27 19:22:44,58,20.7,-105.2,88.83,3.44,overcast clouds
407,Tarko-Sale,13,RU,2022-07-27 19:22:45,80,64.9225,77.785,51.8,10.96,few clouds
408,Dalbandin,63,PK,2022-07-27 19:22:45,51,28.8947,64.4101,87.49,9.57,light rain
409,Cabedelo,9,BR,2022-07-27 19:22:46,75,-6.9811,-34.8339,79.47,13.38,clear sky
410,Baghdad,0,IQ,2022-07-27 19:21:57,16,33.3406,44.4009,93.11,8.05,clear sky
411,Luena,99,AO,2022-07-27 19:22:46,30,-11.7833,19.9167,58.39,4.52,overcast clouds
412,Beloha,0,MG,2022-07-27 19:22:47,76,-25.1667,45.05,61.36,5.82,clear sky
413,Grants Pass,0,US,2022-07-27 19:21:10,44,42.439,-123.3284,97.2,1.99,clear sky
414,Chulakivka,0,UA,2022-07-27 19:22:48,74,46.3576,32.3514,72.28,7.74,clear sky
415,Ocampo,42,MX,2022-07-27 19:22:48,28,21.65,-101.5,75.78,6.08,scattered clouds
416,Auki,11,SB,2022-07-27 19:22:49,86,-8.7676,160.7034,75.78,3.78,few clouds
417,Prince Rupert,0,CA,2022-07-27 19:22:49,80,54.3161,-130.3201,68.09,11.5,clear sky
418,Sioux Falls,40,US,2022-07-27 19:22:42,41,43.55,-96.7003,87.66,12.66,scattered clouds
419,Padang,78,ID,2022-07-27 19:22:50,83,-0.9492,100.3543,77.13,4.14,broken clouds
420,Guliston,1,UZ,2022-07-27 19:22:50,30,40.4897,68.7842,79.97,3.76,clear sky
421,Nuuk,40,GL,2022-07-27 19:22:51,76,64.1835,-51.7216,48.81,9.22,scattered clouds
422,Cherskiy,27,RU,2022-07-27 19:22:51,62,68.75,161.3,45.95,2.64,scattered clouds
423,Liberal,0,US,2022-07-27 19:22:52,54,37.0431,-100.921,87.04,3.44,clear sky
424,Aanekoski,88,FI,2022-07-27 19:22:52,100,62.6946,25.818,59.86,5.21,overcast clouds
425,Bereda,9,ES,2022-07-27 19:22:53,79,43.2686,-7.5406,68.41,4.65,clear sky
426,Aguimes,20,ES,2022-07-27 19:22:53,61,27.9054,-15.4461,76.66,27.63,few clouds
427,Santiago Del Estero,1,AR,2022-07-27 19:21:31,40,-27.7951,-64.2615,81.86,10.4,clear sky
428,Chimbarongo,96,CL,2022-07-27 19:22:54,76,-34.7,-71.05,59.88,3.04,overcast clouds
429,Verkhoyansk,100,RU,2022-07-27 19:22:55,66,67.5447,133.385,66.38,1.3,overcast clouds
430,Richards Bay,41,ZA,2022-07-27 19:22:55,85,-28.783,32.0377,67.77,10.33,scattered clouds
431,Stepnogorsk,93,KZ,2022-07-27 19:22:56,65,52.3544,71.8869,68.02,4.56,overcast clouds
432,Cidreira,97,BR,2022-07-27 19:22:56,76,-30.1811,-50.2056,65.25,6.96,overcast clouds
433,Kijang,23,KR,2022-07-27 19:22:57,91,35.2442,129.2139,78.53,9.93,few clouds
434,Priiskovyy,78,RU,2022-07-27 19:22:57,97,51.9333,116.6333,55.63,2.44,light rain
435,Dasoguz,0,TM,2022-07-27 19:22:57,39,41.8363,59.9666,84.15,6.91,clear sky
436,Oktyabrskiy,8,RU,2022-07-27 19:22:58,93,54.4815,53.471,63.5,4.63,clear sky
437,Rudbar,9,AF,2022-07-27 19:22:58,42,30.15,62.6,93.07,11.72,clear sky
438,Tazovskiy,11,RU,2022-07-27 19:22:59,90,67.4667,78.7,44.31,7.9,few clouds
439,Jaguarao,100,BR,2022-07-27 19:22:59,67,-32.5661,-53.3758,73.85,3.62,overcast clouds
440,Bundaberg,0,AU,2022-07-27 19:23:00,80,-24.85,152.35,45.21,1.01,clear sky
441,Sao Jose Da Coroa Grande,51,BR,2022-07-27 19:23:01,77,-8.8978,-35.1478,76.82,9.42,broken clouds
442,Shakawe,0,BW,2022-07-27 19:18:37,27,-18.3667,21.85,62.6,6.49,clear sky
443,Gizo,43,SB,2022-07-27 19:20:57,76,-8.103,156.8419,81.09,11.39,scattered clouds
444,Nizhniy Baskunchak,81,RU,2022-07-27 19:23:02,56,48.2198,46.8311,76.57,9.22,broken clouds
445,Lujan,53,AR,2022-07-27 19:23:02,87,-34.5703,-59.105,72.12,5.59,broken clouds
446,Bengkulu,25,ID,2022-07-27 19:23:03,86,-3.8004,102.2655,76.06,2.59,scattered clouds
447,Inta,87,RU,2022-07-27 19:23:03,63,66.0317,60.1659,57.7,9.26,overcast clouds
448,Taunggyi,73,MM,2022-07-27 19:23:03,93,20.7833,97.0333,64.54,0.72,broken clouds
449,Hettstedt,42,DE,2022-07-27 19:23:04,44,51.65,11.5,65.95,7.58,scattered clouds
450,Anastacio,6,BR,2022-07-27 19:20:29,17,-20.4836,-55.8069,95.5,5.37,clear sky
451,Mocajuba,85,BR,2022-07-27 19:23:05,36,-2.5842,-49.5072,93.47,2.35,overcast clouds
452,Tautira,100,PF,2022-07-27 19:23:05,76,-17.7333,-149.15,76.57,23.58,overcast clouds
453,Faanui,17,PF,2022-07-27 19:23:06,76,-16.4833,-151.75,78.28,21.0,light rain
454,Port-Gentil,40,GA,2022-07-27 19:23:07,88,-0.7193,8.7815,75.16,10.36,scattered clouds
455,Oskemen,9,KZ,2022-07-27 19:23:07,88,49.9565,82.6119,57.16,2.24,clear sky
456,Vanavara,100,RU,2022-07-27 19:23:07,94,60.34,102.2797,55.36,1.39,overcast clouds
457,Chabahar,87,IR,2022-07-27 19:23:08,81,25.2919,60.643,82.49,12.91,overcast clouds
458,Anadyr,40,RU,2022-07-27 19:23:08,81,64.75,177.4833,48.7,8.95,scattered clouds
459,Sayyan,100,YE,2022-07-27 19:23:09,62,15.1718,44.3244,65.53,4.32,overcast clouds
460,Skjervoy,100,NO,2022-07-27 19:23:10,93,70.0311,20.9714,51.8,21.59,light rain
461,Priargunsk,100,RU,2022-07-27 19:23:11,90,50.3691,119.1012,61.23,4.83,overcast clouds
462,Ati,99,TD,2022-07-27 19:23:11,69,13.2154,18.3353,78.51,11.74,overcast clouds
463,Nelson Bay,21,AU,2022-07-27 19:23:12,83,-32.7167,152.15,51.01,8.99,few clouds
464,Laukaa,100,RU,2022-07-27 19:23:12,98,58.7372,29.8453,55.94,4.14,overcast clouds
465,Cordele,75,US,2022-07-27 19:23:13,49,31.9635,-83.7824,91.92,0.0,broken clouds
466,San Andres,20,CO,2022-07-27 19:23:13,66,12.5847,-81.7006,87.82,16.11,few clouds
467,Aknada,30,RU,2022-07-27 19:23:14,93,42.4016,46.1723,53.24,2.89,scattered clouds
468,Whitehorse,100,CA,2022-07-27 19:23:14,58,60.7161,-135.0538,60.1,3.44,light intensity shower rain
469,Neryungri,24,RU,2022-07-27 19:23:15,88,56.6709,124.6491,62.67,3.65,few clouds
470,Portland,20,US,2022-07-27 19:18:28,49,45.5234,-122.6762,90.95,4.61,few clouds
471,Moron,56,AR,2022-07-27 19:23:16,94,-34.6534,-58.6198,70.81,2.39,broken clouds
472,Kapustin Yar,98,RU,2022-07-27 19:23:16,56,48.5831,45.7372,76.06,8.59,overcast clouds
473,Sao Joao Da Barra,0,BR,2022-07-27 19:23:17,66,-21.6403,-41.0511,77.09,12.35,clear sky
474,Purpe,11,RU,2022-07-27 19:23:17,76,64.4803,76.6897,53.62,11.5,few clouds
475,Geraldton,40,AU,2022-07-27 19:23:17,71,-28.7667,114.6,55.81,11.5,scattered clouds
476,Kiama,1,AU,2022-07-27 19:23:19,71,-34.6833,150.8667,55.38,9.98,clear sky
477,Morros,4,BR,2022-07-27 19:23:19,21,-9.4467,-46.3003,90.86,7.85,clear sky
478,Montepuez,83,MZ,2022-07-27 19:23:20,55,-13.1256,38.9997,69.76,8.48,broken clouds
479,Victoria,0,HK,2022-07-27 19:19:56,81,22.2855,114.1577,86.32,5.99,clear sky
480,Vigrestad,76,NO,2022-07-27 19:23:20,71,58.5667,5.7,55.08,22.5,broken clouds
481,Sibu,40,MY,2022-07-27 19:23:21,94,2.3,111.8167,75.51,0.0,scattered clouds
482,Meulaboh,100,ID,2022-07-27 19:23:21,90,4.1363,96.1285,75.54,4.88,overcast clouds
483,Havre-Saint-Pierre,100,CA,2022-07-27 19:19:35,77,50.2334,-63.5986,62.96,19.57,overcast clouds
484,Soria,36,ES,2022-07-27 19:23:22,47,41.6667,-2.6667,73.11,5.37,scattered clouds
485,Louga,100,RU,2022-07-27 19:23:23,98,58.7372,29.8453,55.94,4.14,overcast clouds
486,Lagunas,93,PE,2022-07-27 19:23:23,53,-5.2269,-75.6753,88.02,1.7,overcast clouds
487,Inhambane,20,MZ,2022-07-27 19:23:24,88,-23.865,35.3833,60.78,4.61,few clouds
488,Tessalit,100,ML,2022-07-27 19:23:24,13,20.1986,1.0114,103.46,9.73,overcast clouds
489,Senj,100,HR,2022-07-27 19:23:24,69,44.9894,14.9058,79.47,8.52,overcast clouds
490,Kerman,40,IR,2022-07-27 19:23:25,64,30.2832,57.0788,75.06,6.91,scattered clouds
491,Krasnoselkup,100,RU,2022-07-27 19:23:26,87,65.7,82.4667,54.25,16.78,overcast clouds
492,Altay,0,CN,2022-07-27 19:23:26,44,47.8667,88.1167,63.84,5.77,clear sky
493,Zabol,9,AF,2022-07-27 19:23:27,50,32.25,67.25,80.35,15.12,clear sky
494,Sabla,100,NG,2022-07-27 19:23:27,63,12.7525,4.7077,84.45,16.15,overcast clouds
495,Galle,100,LK,2022-07-27 19:20:03,89,6.0367,80.217,77.04,8.43,overcast clouds
496,Along,80,IN,2022-07-27 19:23:28,98,28.1667,94.7667,73.49,1.21,broken clouds
497,Laurel,100,US,2022-07-27 19:21:06,67,39.0993,-76.8483,90.25,10.36,overcast clouds
498,Hualmay,14,PE,2022-07-27 19:23:29,72,-11.0964,-77.6139,66.97,13.73,few clouds
499,Houlton,0,US,2022-07-27 19:23:29,43,46.1262,-67.8403,82.81,6.91,clear sky
500,Aklavik,46,CA,2022-07-27 19:23:30,45,68.2191,-135.0107,58.42,18.28,scattered clouds
501,Tooele,0,US,2022-07-27 19:21:48,24,40.5308,-112.2983,95.86,8.05,clear sky
502,Hami,68,CN,2022-07-27 19:23:30,14,42.8,93.45,85.08,4.85,broken clouds
503,Musoma,29,TZ,2022-07-27 19:23:31,67,-1.5,33.8,71.15,4.85,scattered clouds
504,Willmar,0,US,2022-07-27 19:23:31,47,45.1219,-95.0433,78.82,13.8,clear sky
505,Gamba,52,GA,2022-07-27 19:23:32,88,-2.65,10.0,70.57,7.18,broken clouds
506,Road Town,40,VG,2022-07-27 19:21:55,66,18.4167,-64.6167,86.04,11.5,scattered clouds
507,Khandbari,100,NP,2022-07-27 19:23:32,93,27.3747,87.2039,70.52,1.77,overcast clouds
508,La Rioja,0,ES,2022-07-27 19:20:27,58,42.25,-2.5,69.58,5.23,clear sky
509,Evensk,100,RU,2022-07-27 19:23:33,72,61.95,159.2333,49.19,10.85,overcast clouds
510,Saint-Francois,0,FR,2022-07-27 19:23:34,41,46.4154,3.9054,74.64,3.44,clear sky
511,Dunedin,100,NZ,2022-07-27 19:23:34,93,-45.8742,170.5036,45.36,9.06,overcast clouds
512,Linguere,40,SN,2022-07-27 19:23:35,46,15.3953,-15.1193,97.02,11.5,scattered clouds
513,Solnechnyy,23,RU,2022-07-27 19:23:35,97,50.7214,136.6319,59.31,2.68,few clouds
514,Mundo Nuevo,26,MX,2022-07-27 19:23:36,71,18.7,-95.5,83.75,8.03,scattered clouds
515,Marawi,100,PH,2022-07-27 19:23:36,93,7.9986,124.2928,69.01,2.37,overcast clouds
516,Xining,6,CN,2022-07-27 19:23:37,51,36.6167,101.7667,53.8,2.35,clear sky
517,Lewisporte,95,CA,2022-07-27 19:23:37,66,49.2499,-55.0482,78.55,9.98,overcast clouds
518,Saint Anthony,20,US,2022-07-27 19:23:38,46,45.0205,-93.218,83.35,18.41,few clouds
519,Guamuchil,99,MX,2022-07-27 19:23:38,44,25.4667,-108.1,95.76,5.97,overcast clouds
520,Pingyin,100,CN,2022-07-27 19:23:39,91,36.2831,116.4453,74.59,5.21,moderate rain
521,Itapira,37,BR,2022-07-27 19:20:52,25,-22.4361,-46.8217,82.11,5.01,scattered clouds
522,Joshimath,100,IN,2022-07-27 19:23:40,93,30.5667,79.5667,70.48,0.49,moderate rain
523,Urucurituba,100,BR,2022-07-27 19:23:40,60,-2.6833,-57.6667,84.79,1.57,overcast clouds
524,Rawson,39,AR,2022-07-27 19:20:53,71,-43.3002,-65.1023,47.71,10.78,scattered clouds
525,Antequera,0,ES,2022-07-27 19:23:41,19,37.0194,-4.5612,82.45,5.73,clear sky
526,Hamilton,71,US,2022-07-27 19:22:07,53,39.1834,-84.5333,84.25,10.0,broken clouds
527,Kampong Thum,16,KH,2022-07-27 19:23:42,93,12.7111,104.8887,77.16,4.41,few clouds
528,Miri,20,MY,2022-07-27 19:23:42,94,4.4148,114.0089,75.34,1.14,few clouds
529,Bumba,100,CD,2022-07-27 19:23:43,93,2.1833,22.4667,72.81,2.68,light rain
530,Novaya Lyada,100,RU,2022-07-27 19:23:43,62,52.7131,41.6387,73.4,4.61,overcast clouds
531,Buenos Aires,40,AR,2022-07-27 19:23:02,94,-34.6132,-58.3772,66.97,12.66,scattered clouds
532,Myitkyina,100,MM,2022-07-27 19:23:44,98,25.3833,97.4,74.89,1.72,overcast clouds
533,Anloga,86,GH,2022-07-27 19:23:45,86,5.7947,0.8973,76.55,14.88,overcast clouds
534,Burnie,11,AU,2022-07-27 19:23:45,71,-41.0667,145.9167,44.94,9.82,few clouds
535,Bubaque,100,GW,2022-07-27 19:23:46,80,11.2833,-15.8333,79.12,15.84,overcast clouds
536,Coolum Beach,5,AU,2022-07-27 19:23:46,79,-26.5333,153.1,51.12,6.78,clear sky
537,Limbang,100,MY,2022-07-27 19:23:47,98,4.75,115.0,77.05,1.88,overcast clouds
538,Zhytomyr,7,UA,2022-07-27 19:19:56,90,50.2649,28.6767,61.03,7.11,clear sky
539,Coihaique,0,CL,2022-07-27 19:23:47,34,-45.5752,-72.0662,46.35,5.75,clear sky
540,Semme,0,FR,2022-07-27 19:23:48,48,46.1963,1.5007,72.01,3.6,clear sky
541,Eureka,54,US,2022-07-27 19:23:49,76,40.8021,-124.1637,72.19,5.01,broken clouds
542,Lata,0,PT,2022-07-27 19:23:49,53,40.1629,-8.3327,68.81,7.45,clear sky
543,Mogadishu,78,SO,2022-07-27 19:23:50,78,2.0371,45.3438,76.24,18.66,broken clouds
544,Mayumba,81,GA,2022-07-27 19:23:50,85,-3.432,10.6554,70.83,5.93,broken clouds
545,Seoul,0,KR,2022-07-27 19:19:03,73,37.5683,126.9778,78.37,12.66,clear sky
546,Beringovskiy,38,RU,2022-07-27 19:23:51,89,63.05,179.3167,47.7,5.08,scattered clouds
547,Tsumeb,82,NA,2022-07-27 19:23:52,24,-19.2333,17.7167,69.8,2.93,broken clouds
548,Batagay-Alyta,13,RU,2022-07-27 19:23:52,73,67.8006,130.4114,63.61,1.21,few clouds
549,Kokopo,89,PG,2022-07-27 19:23:53,82,-4.352,152.2633,77.95,9.8,overcast clouds
550,Plouzane,0,FR,2022-07-27 19:23:53,61,48.3833,-4.6167,66.25,5.75,clear sky
551,Bandarban,100,BD,2022-07-27 19:23:54,97,22.1965,92.2262,75.78,0.98,overcast clouds
552,Dondaicha,100,IN,2022-07-27 19:23:54,81,21.3333,74.5667,79.05,8.95,overcast clouds
553,Westport,0,US,2022-07-27 19:19:32,52,41.1415,-73.3579,88.3,10.36,clear sky
554,Sala,75,MA,2022-07-27 19:23:55,83,34.0389,-6.8166,72.28,6.91,broken clouds
555,Alzamay,96,RU,2022-07-27 19:23:56,91,55.5562,98.6644,52.65,2.53,overcast clouds
556,Kargasok,50,RU,2022-07-27 19:23:56,97,59.0556,80.8572,61.9,8.43,scattered clouds
557,Semey,52,KZ,2022-07-27 19:20:26,46,50.4111,80.2275,70.57,10.0,broken clouds
558,Kamenka,91,RU,2022-07-27 19:23:57,63,51.3223,42.7678,73.08,4.99,overcast clouds
559,Hovd,100,MN,2022-07-27 19:23:57,43,48.0056,91.6419,60.35,2.84,overcast clouds
560,Wasserburg,78,DE,2022-07-27 19:23:58,54,48.4411,10.2693,71.38,7.02,broken clouds
561,Quelimane,0,MZ,2022-07-27 19:23:58,73,-17.8786,36.8883,67.95,2.3,clear sky
562,Noumea,50,NC,2022-07-27 19:23:59,99,-22.2763,166.4572,69.01,3.02,scattered clouds
563,Buraydah,100,SA,2022-07-27 19:21:55,10,26.326,43.975,99.05,6.62,overcast clouds
564,Shangqiu,100,CN,2022-07-27 19:19:37,98,34.45,115.65,75.7,6.98,moderate rain
565,Lopatino,100,RU,2022-07-27 19:23:59,69,52.6195,45.8118,71.76,6.35,overcast clouds
566,Zhigansk,8,RU,2022-07-27 19:24:00,69,66.7697,123.3711,63.99,2.39,clear sky
567,Sterling,100,US,2022-07-27 19:20:11,68,39.0062,-77.4286,89.76,8.05,overcast clouds
568,Gandai,64,IN,2022-07-27 19:24:01,83,21.6667,81.1,79.48,3.96,broken clouds
569,Vershino-Shakhtaminskiy,2,RU,2022-07-27 19:24:01,97,51.3012,117.8868,52.97,3.78,light rain
570,Beatrice,0,US,2022-07-27 19:24:02,48,40.2681,-96.747,85.17,0.0,clear sky
571,Cururupu,100,BR,2022-07-27 19:24:02,60,-1.8283,-44.8683,84.15,6.26,overcast clouds
572,Petropavlovsk-Kamchatskiy,20,RU,2022-07-27 19:24:03,100,53.0452,158.6483,50.59,4.47,fog
573,Auka,29,HN,2022-07-27 19:24:03,59,14.9333,-83.8333,87.22,6.33,scattered clouds
574,Tilichiki,66,RU,2022-07-27 19:24:04,85,60.4667,166.1,44.92,8.37,broken clouds
575,Sao Raimundo Nonato,11,BR,2022-07-27 19:24:04,27,-9.0153,-42.6994,89.13,8.88,few clouds
576,Carinhanha,0,BR,2022-07-27 19:24:04,25,-14.3047,-43.765,85.91,6.08,clear sky
577,Najran,100,SA,2022-07-27 19:24:05,38,17.4924,44.1277,86.65,7.52,overcast clouds
578,Kentau,0,KZ,2022-07-27 19:24:05,30,43.5206,68.5094,80.31,5.97,clear sky
579,Lichinga,98,MZ,2022-07-27 19:20:24,57,-13.3128,35.2406,59.65,3.18,overcast clouds
580,Alto Parana,2,BR,2022-07-27 19:24:06,28,-23.1289,-52.3189,83.46,4.43,clear sky
581,Lake City,40,US,2022-07-27 19:23:08,55,30.1897,-82.6393,91.78,0.0,scattered clouds
582,Camacha,75,PT,2022-07-27 19:24:07,78,33.0833,-16.3333,69.22,18.41,broken clouds
583,Kedougou,20,SN,2022-07-27 19:24:07,74,12.5579,-12.1743,84.78,6.91,few clouds
584,Naryan-Mar,80,RU,2022-07-27 19:24:08,63,67.6713,53.087,64.36,12.59,broken clouds
585,Ulaangom,3,MN,2022-07-27 19:24:08,53,49.9811,92.0667,55.85,2.35,clear sky
586,Nemuro,100,JP,2022-07-27 19:24:09,100,43.3236,145.575,62.15,9.95,overcast clouds
587,Ereymentau,69,KZ,2022-07-27 19:24:09,55,51.6199,73.1033,68.14,4.41,broken clouds
588,Bayan,79,CN,2022-07-27 19:24:10,87,46.0833,127.4,68.79,7.02,broken clouds
589,Krasnoye,98,UA,2022-07-27 19:24:10,85,49.9145,24.6134,61.3,5.5,overcast clouds
590,Chilca,19,PE,2022-07-27 19:24:11,80,-12.5211,-76.7372,63.37,10.18,few clouds
591,Fairbanks,75,US,2022-07-27 19:19:45,85,64.8378,-147.7164,54.09,6.91,light rain
592,Ransang,81,PH,2022-07-27 19:24:12,84,8.9603,117.5828,80.06,5.28,broken clouds
593,Matamoros,40,MX,2022-07-27 19:24:12,29,25.5333,-103.25,91.51,6.91,scattered clouds
594,Laguna,0,US,2022-07-27 19:24:13,45,38.421,-121.4238,92.01,4.61,clear sky
595,Tommot,5,RU,2022-07-27 19:24:13,78,58.9564,126.2925,59.74,3.22,clear sky
596,Chililabombwe,64,ZM,2022-07-27 19:24:14,42,-12.3648,27.8229,59.92,3.13,broken clouds
597,Killybegs,100,IE,2022-07-27 19:24:14,70,54.6333,-8.45,62.31,2.64,overcast clouds
598,Pombas,9,CV,2022-07-27 19:24:14,83,17.1503,-25.0201,82.18,8.41,clear sky
599,Marathon,20,US,2022-07-27 19:24:15,54,44.9,-89.7668,80.13,12.66,few clouds
600,Kyzyl,99,RU,2022-07-27 19:24:15,63,51.7,94.45,56.16,4.27,overcast clouds
601,Vila,4,PT,2022-07-27 19:24:16,52,42.0304,-8.1588,70.7,5.75,clear sky
602,San Nicolas,100,PH,2022-07-27 19:24:16,81,18.1725,120.5953,79.16,3.65,overcast clouds
603,Necochea,86,AR,2022-07-27 19:24:17,90,-38.5473,-58.7368,54.5,7.09,moderate rain
604,Nikolayevskaya,87,RU,2022-07-27 19:24:17,45,47.6139,41.5023,74.28,7.29,overcast clouds
605,Samarai,100,PG,2022-07-27 19:24:18,87,-10.6167,150.6667,78.24,15.86,light rain
606,Clonakilty,22,IE,2022-07-27 19:24:18,71,51.6231,-8.8706,59.09,9.4,few clouds
607,Araouane,0,ML,2022-07-27 19:21:10,6,18.9048,-3.5265,105.37,7.11,clear sky
608,Kyzyl-Suu,17,KG,2022-07-27 19:24:19,41,42.3414,78.0056,68.7,5.68,few clouds
609,Stornoway,100,GB,2022-07-27 19:24:20,84,58.2093,-6.3865,57.92,1.14,overcast clouds
610,Zyryanka,44,RU,2022-07-27 19:24:20,61,65.75,150.85,47.61,7.43,scattered clouds
611,Lebork,73,PL,2022-07-27 19:24:20,90,54.5392,17.7501,57.92,10.8,broken clouds
612,Ambajogai,100,IN,2022-07-27 19:24:21,85,18.7333,76.3833,75.67,3.89,overcast clouds
613,Tabou,100,CI,2022-07-27 19:24:22,81,4.423,-7.3528,75.31,11.88,overcast clouds
614,Gilbues,2,BR,2022-07-27 19:24:22,20,-9.8317,-45.3439,90.73,8.75,clear sky
615,Lobatse,55,BW,2022-07-27 19:24:23,55,-25.2167,25.6667,57.31,3.85,light rain
616,Sunrise Manor,0,US,2022-07-27 19:20:04,32,36.2111,-115.0731,98.69,9.22,clear sky
617,Zhezkazgan,0,KZ,2022-07-27 19:24:24,41,47.8043,67.7144,76.6,5.01,clear sky
618,Kautokeino,100,NO,2022-07-27 19:24:24,81,69.0125,23.0412,49.73,19.86,overcast clouds
619,Sao Miguel Do Araguaia,0,BR,2022-07-27 19:24:25,18,-13.275,-50.1628,91.67,5.7,clear sky
620,Powell River,0,CA,2022-07-27 19:24:25,51,49.8496,-124.5361,85.64,5.75,haze
621,Laredo,20,US,2022-07-27 19:24:25,36,27.5064,-99.5075,98.89,19.57,few clouds
622,Tres Arroyos,100,AR,2022-07-27 19:23:50,94,-38.3739,-60.2798,52.47,9.04,overcast clouds
623,Yar-Sale,1,RU,2022-07-27 19:24:26,64,66.8333,70.8333,54.64,7.7,clear sky
624,Severnyy,0,RU,2022-07-27 19:24:27,68,50.677,36.5532,71.64,4.47,clear sky
625,Maturin,34,VE,2022-07-27 19:24:27,48,9.75,-63.1767,90.36,7.61,scattered clouds
626,Colares,20,PT,2022-07-27 19:24:28,69,38.7992,-9.4469,70.79,32.01,few clouds
627,Trairi,66,BR,2022-07-27 19:23:37,68,-3.2778,-39.2689,81.81,15.26,broken clouds
628,Shimoda,88,JP,2022-07-27 19:24:28,92,34.6667,138.95,77.11,6.87,overcast clouds
629,Windsor,100,CA,2022-07-27 19:22:44,85,42.3001,-83.0165,78.96,6.91,haze
630,Asyut,13,EG,2022-07-27 19:24:29,17,27.181,31.1837,91.58,8.48,few clouds
631,Lundazi,5,ZM,2022-07-27 19:24:29,65,-12.2929,33.1782,58.17,6.02,clear sky
632,Sibolga,100,ID,2022-07-27 19:24:30,82,1.7427,98.7792,76.46,3.31,moderate rain
633,Elizabeth City,100,US,2022-07-27 19:22:15,51,36.2946,-76.2511,93.22,11.68,heavy intensity rain
634,Awbari,0,LY,2022-07-27 19:24:31,11,26.5921,12.7805,88.25,6.17,clear sky
635,Bekhtery,0,UA,2022-07-27 19:24:31,76,46.251,32.2927,72.3,7.58,clear sky
636,Anchorage,0,US,2022-07-27 19:21:47,71,61.2181,-149.9003,61.93,6.91,clear sky
637,Severodvinsk,34,RU,2022-07-27 19:24:32,85,64.5635,39.8302,68.11,8.05,scattered clouds
638,Tingi,6,TZ,2022-07-27 19:24:32,74,-11.3,35.0333,57.0,1.86,clear sky
639,Dumas,0,US,2022-07-27 19:23:01,33,35.8656,-101.9732,93.54,4.61,clear sky
640,Olafsvik,100,IS,2022-07-27 19:24:33,87,64.8945,-23.7142,51.69,16.62,overcast clouds
641,Floro,20,NO,2022-07-27 19:24:33,67,61.5996,5.0328,59.23,16.11,few clouds
642,La Gomera,75,GT,2022-07-27 19:24:34,71,14.0833,-91.05,87.51,5.68,broken clouds
643,Petrolia,100,CA,2022-07-27 19:24:34,78,42.8668,-82.1498,75.02,6.91,overcast clouds
644,Agadez,3,NE,2022-07-27 19:24:35,11,19.75,10.25,95.14,8.03,clear sky
645,Maunabo,0,PR,2022-07-27 19:24:36,77,18.0072,-65.8993,88.47,13.11,clear sky
646,Porto Walter,71,BR,2022-07-27 19:24:36,37,-8.2686,-72.7439,92.84,2.24,broken clouds
647,Mwene-Ditu,5,CD,2022-07-27 19:24:36,34,-7.0,23.45,74.64,0.45,clear sky
648,Lykhivka,92,UA,2022-07-27 19:24:37,61,48.6874,33.9228,71.02,1.57,overcast clouds
649,Meadow Lake,38,US,2022-07-27 19:24:37,39,34.8014,-106.5436,89.47,7.78,scattered clouds
650,Cesvaine,10,LV,2022-07-27 19:24:38,77,56.9667,26.3167,55.13,4.97,clear sky
651,Malanje,100,AO,2022-07-27 19:24:38,20,-9.5402,16.341,71.44,2.57,overcast clouds
652,Darhan,85,MN,2022-07-27 19:24:39,71,49.4867,105.9228,54.82,1.7,overcast clouds
653,Ruteng,55,ID,2022-07-27 19:24:39,90,-8.6136,120.4721,59.52,2.28,broken clouds
654,Karratha,9,AU,2022-07-27 19:24:40,57,-20.7377,116.8463,68.59,6.73,clear sky
655,Carbonear,98,CA,2022-07-27 19:24:40,94,47.7332,-53.2148,75.04,10.16,overcast clouds
656,Alyangula,5,AU,2022-07-27 19:24:41,87,-13.8483,136.4192,68.32,11.18,clear sky
657,Caconda,98,AO,2022-07-27 19:24:41,25,-13.7333,15.0667,62.13,1.99,overcast clouds
658,Kieta,26,PG,2022-07-27 19:19:49,82,-6.2167,155.6333,77.83,8.48,scattered clouds
659,Kemijarvi,16,FI,2022-07-27 19:24:42,86,66.7131,27.4306,59.31,9.44,few clouds
660,Batagay,14,RU,2022-07-27 19:24:42,68,67.6333,134.6333,63.97,0.67,few clouds
661,Harnosand,99,SE,2022-07-27 19:24:43,59,62.6323,17.9379,59.0,18.81,overcast clouds
662,Pemba,75,MZ,2022-07-27 19:24:43,78,-12.974,40.5178,74.1,14.97,broken clouds
663,Lumding,45,IN,2022-07-27 19:24:44,98,25.7535,93.1732,74.55,1.54,scattered clouds
664,Charters Towers,0,AU,2022-07-27 19:24:44,49,-20.1,146.2667,51.89,9.73,clear sky
665,Leh,100,IN,2022-07-27 19:24:45,72,34.1667,77.5833,59.9,4.72,overcast clouds
666,Wana,54,PK,2022-07-27 19:24:45,77,32.2989,69.5725,76.42,4.27,broken clouds
667,Sao Felix Do Xingu,1,BR,2022-07-27 19:24:46,23,-6.6447,-51.995,94.62,4.56,clear sky
668,Shanhetun,85,CN,2022-07-27 19:24:46,86,44.7,127.2,69.94,4.41,overcast clouds
669,San Luis Obispo,0,US,2022-07-27 19:20:18,51,35.3666,-120.5343,86.25,10.36,clear sky
670,Namatanai,96,PG,2022-07-27 19:24:47,79,-3.6667,152.4333,78.53,9.82,overcast clouds
671,Ilinskiy,0,RU,2022-07-27 19:24:48,73,55.619,38.1182,73.11,0.0,clear sky
672,Maceio,75,BR,2022-07-27 19:24:48,69,-9.6658,-35.7353,80.04,8.05,broken clouds
673,Tual,71,ID,2022-07-27 19:24:48,85,-5.6667,132.75,78.78,24.63,broken clouds
674,Marsabit,69,KE,2022-07-27 19:24:49,61,2.3284,37.9899,65.68,20.24,broken clouds
675,Ovre Ardal,42,NO,2022-07-27 19:22:16,63,61.3167,7.8,52.68,5.26,scattered clouds
676,Tocopilla,87,CL,2022-07-27 19:24:50,66,-22.092,-70.1979,65.98,10.11,overcast clouds
677,Atambua,7,ID,2022-07-27 19:24:50,83,-9.1061,124.8925,66.76,7.58,clear sky
678,Marsa Matruh,0,EG,2022-07-27 19:24:51,74,31.3525,27.2453,80.8,5.75,clear sky
679,Kigorobya,93,UG,2022-07-27 19:24:51,75,1.6162,31.3089,69.91,6.78,light rain
680,Setaka,11,JP,2022-07-27 19:24:52,65,33.15,130.4667,80.55,2.13,few clouds
681,Nalut,0,LY,2022-07-27 19:24:52,12,30.3333,10.85,91.62,10.54,clear sky
682,Tahta,19,EG,2022-07-27 19:24:53,14,26.7693,31.5021,92.25,7.92,few clouds
683,Mul,100,IN,2022-07-27 19:24:53,92,20.0667,79.6667,77.32,1.83,overcast clouds
684,San Borja,56,BO,2022-07-27 19:24:54,33,-14.8167,-66.85,94.53,3.44,broken clouds
685,Akonolinga,100,CM,2022-07-27 19:24:54,98,3.7667,12.25,68.2,2.89,light rain
